iter,AMPAS,Projection,MSA,FW,EG
1,-0.12156442409404486,-0.12156442409404486,-0.1670187837246331,-0.015919513333201876,-0.1214661450896946
2,-0.13032789393298105,-0.13316877410370087,-0.16639027721702127,-0.032084423829837935,-0.13278132879824328
3,-0.13508195548471666,-0.1393240399735472,-0.167321873230539,-0.04809112019127926,-0.13905946806682978
4,-0.13797980049841896,-0.14344652659413265,-0.16751688604568013,-0.06394115093909455,-0.143486548125388
5,-0.1401512601170482,-0.14656847329320538,-0.16754724247344718,-0.07963604943869051,-0.14669119159056293
6,-0.14196695455324435,-0.14920888115967393,-0.167321873230539,-0.09517733404765934,-0.14950065456330203
7,-0.14338189328813272,-0.15091751581582472,-0.16745541403850683,-0.09742226133737986,-0.1518448960063936
8,-0.14458803388313657,-0.1523428789071358,-0.16751688604568019,-0.1107638473058174,-0.15346939386251623
9,-0.14565725370444646,-0.15355562498018369,-0.16754177399270975,-0.11212757168609906,-0.15520241955822256
10,-0.14613692938816472,-0.15454344135739534,-0.16754724247344718,-0.11347060980780421,-0.15624204362059466
11,-0.14643539627273755,-0.1554508589256365,-0.1674816038856246,-0.1235031786042142,-0.15767191329865848
12,-0.146646365279279,-0.1562882121743343,-0.16751688604568013,-0.12433082071588948,-0.15833885571034695
13,-0.14680669856356332,-0.15712020816697495,-0.16753625253517493,-0.1251460270556317,-0.15961485317398286
14,-0.14693362470962845,-0.15790693988201993,-0.1675452006824513,-0.1259489844776618,-0.16009512352518432
15,-0.14703769546101492,-0.15862351184279147,-0.16754724247344718,-0.13274033599690793,-0.1612573939288492
16,-0.14712523181952122,-0.1593345752139396,-0.16751688604568013,-0.13326704311835694,-0.1618364776648229
17,-0.14720030328923261,-0.15996054927539793,-0.167532560612254,-0.13378589615664455,-0.16296188797385885
18,-0.1472656776971189,-0.16037135868282396,-0.16754177399270975,-0.139140971152182,-0.16331573296313912
19,-0.14732331853453712,-0.1607402280793975,-0.16754625234843154,-0.13949005990280253,-0.16430525128835732
20,-0.1473746660580138,-0.1611060326304931,-0.16754724247344716,-0.13983397652063323,-0.1647149764107233
21,-0.14742080589651207,-0.16146880517923212,-0.1675300084102041,-0.14017279763649312,-0.16575180447390025
22,-0.1474625751219586,-0.1618285781503542,-0.167538740840862,-0.14050659874583496,-0.16555973253000475
23,-0.14750063164421442,-0.162185383556074,-0.16754405480624524,-0.14407176904202312,-0.16661651773816624
24,-0.1475355011262859,-0.1624769708038047,-0.16754669615534631,-0.14431346664147,-0.16623711246904013
25,-0.14768681227664068,-0.16272382639189137,-0.16754724247344718,-0.14455159981856214,-0.1674735862101922
26,-0.14778643587116855,-0.1629679536909908,-0.16753625253517496,-0.14478622113942646,-0.1669696982718292
27,-0.14786549930144138,-0.16320938652365702,-0.16754177399270978,-0.14751249537510913,-0.16804148134297628
28,-0.14793341431400733,-0.16344815826222375,-0.16754520068245135,-0.14768902653117483,-0.1675843224508283
29,-0.14799445130047215,-0.16362064565524062,-0.16754691914012787,-0.1478629638666949,-0.1687431289684344
30,-0.1480512679700067,-0.16375285423752414,-0.16754724247344724,-0.1480343454933844,-0.16838020416800148
31,-0.1481052733713167,-0.16388338754534681,-0.16753968974227776,-0.1501805943095723,-0.16949908944766703
32,-0.14815743982308394,-0.1640122670728116,-0.16754347464654884,-0.15031369837955655,-0.16887504554839544
33,-0.14820833350903023,-0.16413951403410007,-0.1675458510571647,-0.150444852503866,-0.17004954481782356
34,-0.14825838193608415,-0.16426514936718267,-0.167547044231737,-0.1505740852487841,-0.16888660246042653
35,-0.14830803830152242,-0.16438919373747804,-0.16754724247344724,-0.15070142476209608,-0.17052268734897907
36,-0.14835768151052617,-0.16451166754146337,-0.16754177399270978,-0.15232494670654814,-0.1692093474902767
37,-0.14840763878070407,-0.16463259091023572,-0.16754451786641264,-0.15242757374175914,-0.17135673411300112
38,-0.14845820097233542,-0.1647519837130254,-0.16754625234843157,-0.15252870077698238,-0.16959541979121398
39,-0.14850963335891162,-0.16486986556066188,-0.16754711991492488,-0.15262834973626505,-0.1712227576584041
40,-0.14856218343774233,-0.16498625580899268,-0.16754724247344724,-0.1539697639524689,-0.17005513786863885
41,-0.14861608676252006,-0.16510117356225648,-0.167543128179921,-0.15405179650940556,-0.17158891084793967
42,-0.14866475978944949,-0.1652146376764105,-0.16754520068245132,-0.15413263238113503,-0.1700510565867707
43,-0.14871065354739668,-0.1653266667624132,-0.16754651547035718,-0.15421228902481945,-0.17210047827079275
44,-0.14875460964167367,-0.16543727918946216,-0.16754716827117042,-0.15429078364295162,-0.17031255549749003
45,-0.14879716575181048,-0.16554649308818922,-0.16754724247344724,-0.15536033061327603,-0.17192239159348124
46,-0.14883852225148533,-0.1656543263538118,-0.16754405480624526,-0.15542657153591943,-0.17074447377521468
47,-0.14887885715614627,-0.16576079664924215,-0.16754567006439194,-0.15549184764706145,-0.1722615519043738
48,-0.14891830694007438,-0.1658659214081545,-0.16754669615534631,-0.15555617299936506,-0.17071686593269716
49,-0.14895710665067974,-0.16596971783801118,-0.16754720044941412,-0.15561956144081232,-0.17275219842551207
50,-0.14899543000181328,-0.16607220292304795,-0.16754724247344718,-0.15649149598872958,-0.17095880260515695
51,-0.14903328798024104,-0.1661724701954316,-0.16754471495319298,-0.156546080463772,-0.17255463403147037
52,-0.14907066773037095,-0.16623045756320054,-0.1675460053492277,-0.15659987092967678,-0.17137311051178247
53,-0.14910753517752776,-0.16628771714525029,-0.16754682481410388,-0.15665287893644317,-0.17287602021111162
54,-0.1491438365533415,-0.16634425808980755,-0.16754722253387283,-0.15670511586605662,-0.1713295402945822
55,-0.14917949916254283,-0.16640008942990778,-0.16754724247344716,-0.15742919346372836,-0.17335110124792494
56,-0.1492144315991681,-0.1664552200848482,-0.16754520068245127,-0.15747493382339445,-0.1715556431976494
57,-0.14924852354333235,-0.16650965886162278,-0.1675462523484315,-0.15752000954365825,-0.1731385701953174
58,-0.14928164522280324,-0.16656341445633893,-0.16754691914012781,-0.1575644302821958,-0.17195478674016823
59,-0.1493140412223958,-0.16661649545561666,-0.16754723805290872,-0.15760820555634963,-0.17344449090267816
60,-0.14934596106296025,-0.16666891033796924,-0.16754724247344713,-0.15821892183994563,-0.17189728541510998
61,-0.14937745985625442,-0.16672066747516726,-0.1675455676459962,-0.1582577951649625,-0.1742106271070672
62,-0.1494086963149871,-0.16677177513358504,-0.16754643897488775,-0.15829610415320924,-0.17222781000627485
63,-0.14943971888780158,-0.16682224147553001,-0.16754698997118533,-0.158333856997348,-0.17391621540972008
64,-0.14947053291872306,-0.16687207456055533,-0.16754724915509028,-0.1588742007191116,-0.17244076500631203
65,-0.14950113785766814,-0.16692128234675596,-0.16754724247344716,-0.1589080392779512,-0.17410476688097581
66,-0.1495315293610092,-0.16696987269204824,-0.16754585105716463,-0.15894138699183888,-0.17242848779309836
67,-0.14956170091593093,-0.16701785335543384,-0.16754658299900999,-0.15897425098072238,-0.17451312950605855
68,-0.1495915718424174,-0.16706523199824633,-0.16754704423173694,-0.15900663826127076,-0.17282260034760047
69,-0.14962107105902347,-0.16708348257408043,-0.16754725720226776,-0.15947232962664137,-0.17482892534379182
70,-0.14965019428030757,-0.16709013804164807,-0.16754724247344718,-0.1595016731178807,-0.17317175189360476
71,-0.14967894002351637,-0.16709669800313498,-0.16754607405731775,-0.15953059126835345,-0.1748557594714792
72,-0.14970731081119085,-0.16710316382905502,-0.16754669615534631,-0.159559090243474,-0.17296843570881276
73,-0.14973531444139662,-0.16710953687025534,-0.16754708650462397,-0.15958717611928633,-0.17521169081525945
74,-0.1497629653524708,-0.16711581845819845,-0.16754726308700074,-0.15999264310536818,-0.1734839442107507
75,-0.149790286106364,-0.16712200990524015,-0.1675472424734472,-0.16001832815522216,-0.17507871869147212
76,-0.14981728829906535,-0.16712811250490406,-0.16754625234843154,-0.16004364112482167,-0.17338053443313486
77,-0.14984397854239345,-0.16713412753215168,-0.1675467864361186,-0.1600685874042171,-0.1749781915301411
78,-0.14987031903416276,-0.16714005624364878,-0.16754711991492488,-0.16009317230537823,-0.17316872316076087
79,-0.14989605287026056,-0.1671458998780279,-0.16754726741107323,-0.16044937097068607,-0.17565779563916875
80,-0.14992118547165162,-0.16715165965614742,-0.16754724247344724,-0.1604720387888895,-0.17363709446948128
81,-0.1499457200735337,-0.1671573367813459,-0.16754639688002057,-0.1604943784147474,-0.1750458260786285
82,-0.14996966004607937,-0.1671629324396944,-0.16754685943097133,-0.16051639459994174,-0.17357778985177932
83,-0.14999300913357022,-0.16716844780024367,-0.1675471466490546,-0.1605380920273526,-0.17555634879956003
84,-0.15001584486184302,-0.16717388401526867,-0.16754727059017457,-0.1608534862337476,-0.17391753018949369
85,-0.15003823621160867,-0.16717924222050903,-0.16754724247344724,-0.16087363646142233,-0.17610712166004452
86,-0.1500601876606115,-0.16718452353540664,-0.1675465154703572,-0.16089349508910816,-0.17378441327849728
87,-0.1500817041761642,-0.1671897290633393,-0.1675469191401279,-0.1609130663366383,-0.1756839997175375
88,-0.1501027910792151,-0.16719485989185132,-0.1675471682711704,-0.160932354362773,-0.17390257229535075
89,-0.15012345383211204,-0.16719991709288076,-0.16754727291752408,-0.16121358294706914,-0.17624025771033716
90,-0.15014369774189965,-0.16720490172298336,-0.16754724247344724,-0.16123161066146152,-0.17397199416446218
91,-0.15016352756896292,-0.16720981482355318,-0.16754661381854613,-0.1612493776049125,-0.17615987719753654
92,-0.15018294702885135,-0.16721465742104039,-0.16754696848453177,-0.1612668875494747,-0.17395034268487858
93,-0.1502019593648694,-0.16721943052716545,-0.1675471859223289,-0.1612841442126378,-0.17583888772770115
94,-0.1502206092918505,-0.1672241351391307,-0.16754727460375932,-0.1615364855962184,-0.17447208229150787
95,-0.1502391589948121,-0.16722877223982857,-0.16754724247344724,-0.16155270730111188,-0.17560216452059255
96,-0.15025760779949765,-0.167233342798047,-0.16754669615534634,-0.16156869445092464,-0.17429327515411477
97,-0.15027595705427618,-0.16723784776867173,-0.1675470096352639,-0.16158445043716668,-0.17651775416536192
98,-0.15029420817638642,-0.16724228809288602,-0.16754720044941418,-0.16159997860231087,-0.17418942819902017
99,-0.1503123626488128,-0.16724666469836694,-0.16754727580263218,-0.16182768087305596,-0.17661198237248746
100,-0.15033042200585317,-0.16725097849947948,-0.1675472424734472,-0.16184235311198905,-0.1745010715357476
101,-0.15034838781236207,-0.16725523039746754,-0.16754676567274143,-0.1618568132753157,-0.17601721286555105
102,-0.1503662616362626,-0.16725942128064206,-0.16754704423173697,-0.1618710644284205,-0.17407217856176116
103,-0.15038404501764366,-0.1672635520245667,-0.16754721249069632,-0.16208181894534804,-0.17742316244657338
104,-0.15040173944024765,-0.16726762349224078,-0.16754727662796337,-0.16209533683322772,-0.17462022228112334
105,-0.15041934630769047,-0.16727163653427957,-0.16754724247344727,-0.16210865939482944,-0.17646920345037684
106,-0.15043686692861388,-0.1672755919890921,-0.16754682481410393,-0.16212178945251268,-0.17450508950642907
107,-0.15045430251568456,-0.16727949068305598,-0.16754707352951856,-0.16213472978785737,-0.17683270643806442
108,-0.15047165420422912,-0.1672833334306905,-0.16754722253387289,-0.1623264652992004,-0.17443518235745226
109,-0.15048892309732445,-0.16728712103482646,-0.16754727716506843,-0.16233879336600196,-0.17724463077068733
110,-0.15050611028566216,-0.16729085428677412,-0.16754724247344727,-0.1623509433521056,-0.17460255438405697
111,-0.15052321685610895,-0.16729453396648838,-0.1675468754742781,-0.16236291782990925,-0.17695333615494793
112,-0.15054024389306764,-0.1672981608427317,-0.1675470985025189,-0.16237471933465789,-0.17474909661853325
113,-0.1505571924768251,-0.1673017356732349,-0.16754723095622695,-0.16254990650671708,-0.17542145856635807
114,-0.15057406367937357,-0.16730525920485526,-0.167547277478607,-0.1625611943150284,-0.1747681499210011
115,-0.150590858559233,-0.1673087321737327,-0.1675472424734473,-0.1625723191140036,-0.1766772733853868
116,-0.15060757815616535,-0.1673121553054435,-0.16754691914012795,-0.16258328325768848,-0.1743149130618626
117,-0.1506242234864755,-0.16731552931515195,-0.16754711991492494,-0.16259408906613648,-0.17617892601545415
118,-0.15064079553933224,-0.1673188549077596,-0.1675472380529089,-0.16275478957773723,-0.17436650041484453
119,-0.150657295274591,-0.16732213277805283,-0.16754727761806706,-0.16276516261323376,-0.17676209231217702
120,-0.15067372362242476,-0.1673253636108476,-0.16754724247344735,-0.16277538588752874,-0.1744228974848371
121,-0.1506900814847261,-0.16732854808113296,-0.16754695699093064,-0.1627854615628068,-0.1772415681665441
122,-0.15070636973809431,-0.16733168685421176,-0.16754713837267482,-0.16279539177003566,-0.174624436834294
123,-0.15072258923794915,-0.16733478058583967,-0.16754724405717605,-0.16294333930985286,-0.17696487451069368
124,-0.15073874082297478,-0.1673378299223624,-0.16754727762165653,-0.16295290364515974,-0.17477674531902787
125,-0.15075482531868856,-0.16734083550085052,-0.16754675266857502,-0.16296232992699583,-0.17544944807809607
126,-0.15077084353842693,-0.1673437979492326,-0.1675469899711855,-0.1629716201480511,-0.17479782174509437
127,-0.1507867962831625,-0.16734671788642644,-0.16754715436084364,-0.1629807762722538,-0.17670371797747256
128,-0.15080268434078287,-0.1673495959224684,-0.16754724915509045,-0.16311743907071127,-0.17435194379494845
129,-0.1508185084852496,-0.1673524326586407,-0.16754727751910378,-0.16312628498526244,-0.1762133083097428
130,-0.15083426947581458,-0.1673552286875973,-0.16754680227098537,-0.16313500324361963,-0.1744068382621924
131,-0.15084996805645684,-0.16735798459348744,-0.16754701884415474,-0.16314359568799916,-0.17679798379068942
132,-0.15086560495561438,-0.1673607009520779,-0.1675471682711705,-0.163152064134034,-0.17446436039611
133,-0.1508811808862367,-0.16736337833087314,-0.1675472534963344,-0.16327869375051104,-0.17727543393548922
134,-0.15089669654614005,-0.16736601728923384,-0.1675472773336987,-0.16328689856913425,-0.17466505543128005
135,-0.15091215261862131,-0.16736861837849404,-0.16754684600474581,-0.16329498500690215,-0.17700211046837225
136,-0.15092754977325176,-0.167371182142076,-0.16754704423173705,-0.16330295477183773,-0.174818036268685
137,-0.1509428886667493,-0.16737370911560387,-0.1675471804225784,-0.16331080954732208,-0.1754880306762007
138,-0.15095816994382255,-0.16737619982701563,-0.16754725720226782,-0.16342847930539436,-0.1748388805499379
139,-0.15097339423788644,-0.16737865479667322,-0.1675472770837976,-0.1634361096454578,-0.1767418052713848
140,-0.15098856217157053,-0.16738107453747156,-0.16754688472535736,-0.16344362991380645,-0.1743927722636551
141,-0.15100367435698545,-0.16738345955494532,-0.1675470666445124,-0.1634510416982829,-0.17625114847274184
142,-0.15101873139578825,-0.16738581034737499,-0.1675471910766488,-0.16356219711419012,-0.17444743047498734
143,-0.15103373387919355,-0.16738812740589043,-0.16754726037199819,-0.16356941225835483,-0.17683637759071036
144,-0.1510486823880015,-0.16739041121457396,-0.1675472767839451,-0.16357652333847614,-0.1745047608636762
145,-0.15106357749267563,-0.16739266225056135,-0.1675469191401279,-0.16358353185547078,-0.17731252110301313
146,-0.15107841975348205,-0.16739488098414126,-0.16754708650462405,-0.16359043928860506,-0.17470459520758044
147,-0.15109320972068943,-0.167397067878854,-0.1675472004494142,-0.16369416088609584,-0.17703610871014014
148,-0.15110794793481994,-0.1673992233915877,-0.16754726308700085,-0.1637009007436581,-0.17485550633899122
149,-0.15112263492693603,-0.16740134797267445,-0.16754727644571824,-0.16370754340816376,-0.1759617484082815
150,-0.15113727121894385,-0.16740344206598387,-0.16754694983773544,-0.16371409028119788,-0.17464075284318703
151,-0.1511518573238975,-0.16740550610901622,-0.16754710416338114,-0.16372054274413528,-0.17745062957704477
152,-0.15116639374628554,-0.16740754053299348,-0.1675472087204341,-0.16381755675321408,-0.17473656169591745
153,-0.15118088098228905,-0.16740954576294959,-0.16754726541467016,-0.16382386639168195,-0.17657545885665715
154,-0.15119531952000323,-0.1674115222178193,-0.1675472760783677,-0.1638300850550867,-0.17465284383675406
155,-0.15120970983962323,-0.16741347031052567,-0.16754697731115828,-0.16383621405514745,-0.17695665574756442
156,-0.15122405241359813,-0.1674153904480662,-0.167547119914925,-0.16384225468466682,-0.17459683808422546
157,-0.15123834770676586,-0.16741728303159809,-0.16754721603984338,-0.16393319584610075,-0.17745232315072126
158,-0.1512525961764813,-0.16741914845652178,-0.1675472674110733,-0.16393911481060203,-0.17480166463120894
159,-0.15126679827275052,-0.1674209871125639,-0.1675472756893089,-0.16394494844523458,-0.17714017428781448
160,-0.1512809544383745,-0.16742279938385835,-0.1675470019756164,-0.16395069798014036,-0.17493580629981703
161,-0.15129506510910193,-0.16742458564902668,-0.16754713400693053,-0.1639563646277345,-0.17603278019154414
162,-0.15130913071378846,-0.16742634628125727,-0.1675472225338729,-0.16404179012166842,-0.17471106750990326
163,-0.15132315167455848,-0.16742808164838335,-0.16754726912310305,-0.1640473532576677,-0.17752858404159044
164,-0.15133712840696678,-0.16742979211295958,-0.16754727528450103,-0.164052836204405,-0.17479577067866547
165,-0.15135106132015516,-0.16743147803233793,-0.16754702418272374,-0.16405824011776096,-0.17663021593035122
166,-0.15136495081700338,-0.16743313975874258,-0.16754714664905468,-0.1640635661369534,-0.1747015697626036
167,-0.15137879729427128,-0.16743477763934303,-0.16754722830920774,-0.16414396704769316,-0.17700301435678528
168,-0.1513926011427323,-0.16743639201632704,-0.16754727059017466,-0.1641492051806411,-0.17508346232210065
169,-0.15140636274729888,-0.16743798322697195,-0.16754727486874177,-0.1641543678186821,-0.17691771877825344
170,-0.15142008248714042,-0.1674395516037151,-0.16754704423173702,-0.16415945604989146,-0.17458652676814765
171,-0.1514337607357965,-0.16744109747422345,-0.16754715801965483,-0.16416447094666237,-0.17697361838551426
172,-0.15144739786128592,-0.1674426211614618,-0.1675472334564529,-0.16424028175668834,-0.17484647063343933
173,-0.1514609942262149,-0.16744412298376057,-0.16754727184557208,-0.16424522225682964,-0.17633160405964998
174,-0.15147455018788394,-0.16744560325488203,-0.16754727444589768,-0.16425009156028847,-0.17483870661778478
175,-0.15148806609839457,-0.1674470622840859,-0.16754706237856062,-0.16425489069306767,-0.17759231111266413
176,-0.15150154230475574,-0.16744850037619413,-0.16754716827117042,-0.16425962066638466,-0.17484477155022587
177,-0.15151497914898793,-0.16744991783165447,-0.1675472380529088,-0.16433122716314422,-0.17667535414905042
178,-0.15152837696822624,-0.16745131494660306,-0.1675472729175241,-0.16433589441752658,-0.17474214736318525
179,-0.15154173609481958,-0.16745269201292673,-0.16754727401908606,-0.16434049442057866,-0.17704413121157622
180,-0.15155505685642778,-0.1674540493183236,-0.16754707884300338,-0.16434502814133883,-0.17512556349701724
181,-0.1515683395761152,-0.1674553871463633,-0.1675471775344616,-0.1643494965348774,-0.17695811991725952
182,-0.15158158457244067,-0.16745670577654626,-0.16754724216480896,-0.16441724243105177,-0.17462186324614395
183,-0.15159475811522155,-0.1674580054843621,-0.16754727383007006,-0.16442165824005625,-0.1770090621143318
184,-0.15160780182332917,-0.16745928654134712,-0.16754727359081845,-0.1644260104277098,-0.17487899136440158
185,-0.15162071625547358,-0.16746054921514106,-0.16754709381466398,-0.1644302999106471,-0.17598530118385353
186,-0.15163350196326422,-0.16746179376954304,-0.16754718592232887,-0.16443452759229302,-0.17474702482690296
187,-0.15164615949131893,-0.1674630204645667,-0.16754724584913366,-0.16449872009691272,-0.17754233143473747
188,-0.15165868937737018,-0.16746422955649445,-0.1675472746037593,-0.16450290400903325,-0.17482641541649172
189,-0.15167109215236924,-0.167465421297931,-0.16754727316311502,-0.1645070276470486,-0.17665399707621685
190,-0.1516833683405884,-0.16746659593785626,-0.16754710745773158,-0.16451109187927662,-0.17473608300140253
191,-0.15169551845972037,-0.16746775372167716,-0.1675471935323855,-0.16457257596746533,-0.17703219630087436
192,-0.15170754302097547,-0.1674688948912792,-0.16754724915509037,-0.1645766027334179,-0.17467655135316393
193,-0.15171944252917652,-0.16747001968507663,-0.16754727525622148,-0.16458057149481492,-0.1775287656413854
194,-0.1517312174828506,-0.16747112833806263,-0.16754727273759668,-0.16458448308719845,-0.17488083149252678
195,-0.15174286837431875,-0.16747222108185802,-0.1675471199149249,-0.16458833833407394,-0.1772148643967088
196,-0.15175439568978316,-0.1674732981447601,-0.16754720044941418,-0.1646467269537823,-0.17501268345999987
197,-0.15176579990941141,-0.1674743597517899,-0.1675472521253271,-0.1646505516404866,-0.17610073724631697
198,-0.1517770815074189,-0.1674754061247395,-0.16754727580263218,-0.16465432123866067,-0.17478564790281526
199,-0.15178827499519829,-0.16747643748221824,-0.1675472723155581,-0.16465803654176822,-0.17759903116519193
200,-0.15179943953246808,-0.16747745403969835,-0.16754713131074,-0.16466169833184405,-0.1748682060256763
201,-0.15181057533781447,-0.1674784560095601,-0.16754720674731083,-0.16471722185764395,-0.1766923487762006
202,-0.15182168262710022,-0.16747944360113612,-0.16754725479693314,-0.16472085912289428,-0.17476964322554162
203,-0.1518327616135178,-0.167480417020755,-0.16754727625609608,-0.16472444400375988,-0.17706659305263928
204,-0.15184381250764237,-0.16748137647178465,-0.1675472718980276,-0.1647279772546877,-0.17515237710130369
205,-0.15185483551748402,-0.1674823221546746,-0.16754714175414281,-0.16473145961926025,-0.17697908663497355
206,-0.1518658308485396,-0.16748325426699778,-0.1675472124906963,-0.1647843261025817,-0.17465207983531353
207,-0.15187679870384443,-0.16748417300349216,-0.16754725720226776,-0.16478778922451748,-0.17703511724041998
208,-0.15188773928402383,-0.16748507855610115,-0.1675472766279633,-0.1647912024743089,-0.1749108077193407
209,-0.15189865278734424,-0.16748597111401367,-0.16754727148581505,-0.16479456657016356,-0.1763886990943277
210,-0.15190953940976454,-0.1674868508637039,-0.16754715134081125,-0.16479788221994093,-0.174901952413742
211,-0.15192039934498713,-0.16748771798897008,-0.16754721773625797,-0.16484828002257676,-0.17765154790578594
212,-0.15193123278450948,-0.1674885726709729,-0.16754725936965012,-0.16485158105865427,-0.17432995410726332
213,-0.15194203991767574,-0.1674894150882734,-0.16754727692809226,-0.1648548345605983,-0.17697526857867718
214,-0.1519528209317289,-0.1674902454168703,-0.1675472710795513,-0.16485804121288952,-0.17407699088026396
215,-0.15196357601186325,-0.1674910638302367,-0.16754716015501075,-0.164861201690151,-0.1769405560560944
216,-0.1519743053409212,-0.1674918704993564,-0.16754722253387277,-0.16490930175439666,-0.17429695775259238
217,-0.15198500909912596,-0.16749266559275955,-0.16754726132393577,-0.16491245167881968,-0.17739555666458753
218,-0.15199568746463218,-0.16749344927655788,-0.16754727716506831,-0.16491555624856427,-0.17432007109010644
219,-0.15200634061356008,-0.16749422171447945,-0.16754727067972,-0.16491861611667888,-0.17763222137017903
220,-0.15201696872002854,-0.16749498306790275,-0.16754716827117033,-0.16492163192680445,-0.17433870567791715
221,-0.1520275719561863,-0.1674957334958906,-0.16754722692755,-0.16496758973933476,-0.1769762565148657
222,-0.15203815049224317,-0.16749647315522312,-0.16754726308700074,-0.16497059856225968,-0.17410570306772258
223,-0.15204870449649957,-0.16749720220043077,-0.1675472773463868,-0.16497356406535993,-0.17764936342073026
224,-0.15205923413537448,-0.16749792078382642,-0.1675472702866837,-0.16497648687233762,-0.17461550193164735
225,-0.1520697395734329,-0.16749862905553722,-0.16754717575521158,-0.16497936759791365,-0.17600137655945652
226,-0.15208022097341142,-0.1674993271635361,-0.1675472309562268,-0.16502332489443364,-0.17413634415187657
227,-0.1520906784962422,-0.1675000152536725,-0.1675472646781491,-0.16502620176573568,-0.17751583249487582
228,-0.15210111230107595,-0.16750069346970292,-0.16754727747860684,-0.16502903721991044,-0.17425505705356795
229,-0.15211152254530308,-0.16750136195332088,-0.16754726990070556,-0.16503183185322332,-0.17689820667620806
230,-0.1521219093845726,-0.1675020208441868,-0.16754718266567487,-0.1650345862533549,-0.17404091553495585
231,-0.15213227297280968,-0.1675026702799568,-0.16754723465444207,-0.16507667250303565,-0.17696472048109455
232,-0.15214261346223104,-0.16750331039631164,-0.1675472661144586,-0.1650794258029077,-0.17429633101604425
233,-0.15215293100337995,-0.16750394132698518,-0.16754727756748153,-0.1650821394673272,-0.17729307416577986
234,-0.1521632257451807,-0.16750456320379206,-0.16754726952196722,-0.1650848140668714,-0.17426879544534113
235,-0.15217349783496195,-0.16750517615665544,-0.16754718905467614,-0.16508745016390208,-0.17756591122267346
236,-0.1521837474184794,-0.16750578031363403,-0.16754723805290875,-0.1651277838660248,-0.17430765772118836
237,-0.1521939746399385,-0.16750637580094901,-0.16754726741107318,-0.16513042128433042,-0.17694420243789438
238,-0.15220417964201596,-0.1675069627430101,-0.16754727761806693,-0.16513302073782,-0.17409087610148197
239,-0.15221436256588147,-0.16750754126244202,-0.1675472691505829,-0.16513558277298554,-0.17761105679741213
240,-0.15222452355121838,-0.16750811148010955,-0.1675471949687231,-0.16517453134717797,-0.17459828360261798
241,-0.15223466273624447,-0.16750867351514312,-0.16754724117900166,-0.16517709640374237,-0.17636391246444189
242,-0.15224478025773247,-0.16750922748496375,-0.16754726858145258,-0.1651796245394171,-0.17424726126202958
243,-0.15225487625102996,-0.16750977350530732,-0.16754727763481572,-0.16518211628563423,-0.17758255943058707
244,-0.15226495085007916,-0.16751031169024908,-0.1675472687866119,-0.16518457216617555,-0.17429707049194343
245,-0.15227500418743706,-0.16751084215222709,-0.16754720044941412,-0.16522194982362262,-0.176942161207591
246,-0.15228503639429525,-0.16751136500206606,-0.16754724405717594,-0.16522441065373536,-0.1740721525156441
247,-0.15229504760049944,-0.1675118803490003,-0.16754726963758595,-0.16522683606529295,-0.17700372775420822
248,-0.1523050379345704,-0.16751238830069673,-0.16754727762165642,-0.16522922656807232,-0.17432459923104124
249,-0.1523150075237239,-0.167512888963277,-0.16754714664905457,-0.16523158266451043,-0.17732940420452337
250,-0.15232495649389077,-0.16751338244134012,-0.16754720553403818,-0.16526748382646123,-0.17429469782685583
251,-0.1523348849697345,-0.16751386883798405,-0.16754724670932514,-0.16526984656612226,-0.17759757423394387
252,-0.15234479307466858,-0.1675143482548273,-0.16754727059017457,-0.1652721753009934,-0.17432985760287045
253,-0.1523546809308739,-0.16751482079203014,-0.16754727758206112,-0.16527447052047178,-0.17696745495624014
254,-0.15236454865931515,-0.16751528654831546,-0.16754715436084347,-0.16527673270691678,-0.17410910330287305
255,-0.15237439637975778,-0.16751574562098967,-0.16754721025609173,-0.16531124435322841,-0.1776361217068229
256,-0.15238422421078415,-0.16751619810596263,-0.16754724915509034,-0.16531351466947605,-0.17461691947556376
257,-0.15239403226981005,-0.16751664409776795,-0.16754727144878925,-0.16531575231290774,-0.17638257214897315
258,-0.15240382067310007,-0.16751708368958276,-0.16754727751910362,-0.16531795775372624,-0.1742633237295117
259,-0.1524135895357838,-0.16751751697324704,-0.1675471615543,-0.16532013145536822,-0.17760157565846574
260,-0.15242333897187116,-0.1675179440392828,-0.16754721464572506,-0.16535333384200324,-0.17431184510767028
261,-0.15243306909426754,-0.1675183649769132,-0.16754725141212662,-0.16535551697692655,-0.17695772605670612
262,-0.15244278001478917,-0.16751877987408095,-0.16754727222200616,-0.1653576686953582,-0.17408530681491166
263,-0.15245247184417757,-0.1675191888174668,-0.16754727743550946,-0.16535978944939625,-0.17701913831413651
264,-0.1524621446921144,-0.16751959189250756,-0.16754716827117033,-0.16536187968463795,-0.17433727299261553
265,-0.1524717986672355,-0.16751998918341418,-0.16754721873012932,-0.16539384697993564,-0.17734387489912148
266,-0.1524814338771449,-0.16752038077318904,-0.16754725349633426,-0.16539594778979827,-0.17430703222676802
267,-0.15249105042842817,-0.16752076674364352,-0.167547272917524,-0.16539801836941753,-0.17761180745133023
268,-0.15250064842666608,-0.16752114717541497,-0.16754727733369854,-0.16540005915380457,-0.17434146557530888
269,-0.1525102279764477,-0.1675215221479835,-0.16754717454919982,-0.1654020705717045,-0.17697974138039627
270,-0.15251978918138298,-0.16752189173968893,-0.1675472225338728,-0.1654328714219381,-0.17411981365192583
271,-0.1525293321441161,-0.1675222560277466,-0.16754725542205923,-0.16543489441203874,-0.17764908978087837
272,-0.15253885696633754,-0.16752261508826402,-0.16754727354226623,-0.16543688829314843,-0.17462769827639033
273,-0.15254836374879668,-0.16752296899625646,-0.16754727721582266,-0.16543885348411794,-0.17639373532898392
274,-0.15255785259131394,-0.1675233178256628,-0.1675471804225783,-0.1654407903977726,-0.1742735101968706
275,-0.15256732359279265,-0.1675236616493608,-0.1675472260791933,-0.16547048843096307,-0.17761302924110442
276,-0.15257677685123103,-0.16752400053918245,-0.16754725720226776,-0.16547243778678478,-0.17432161500930216
277,-0.1525862124637334,-0.16752433456592905,-0.1675472741024691,-0.1654743590944806,-0.17696810245434008
278,-0.15259563052652203,-0.16752466379938566,-0.16754727708379746,-0.16547625275762204,-0.17409459141746364
279,-0.15260503113494792,-0.16752498830833626,-0.1675471859223288,-0.16547811917396518,-0.17702989788646145
280,-0.15261441438350207,-0.16752530816057742,-0.16754722938625424,-0.16550677344967782,-0.1743464034531485
281,-0.1526237803658262,-0.16752562342293315,-0.16754725884869892,-0.16550865306474769,-0.17735398620515783
282,-0.15263312917472333,-0.16752593416126832,-0.16754727460375926,-0.16551050563639502,-0.17431608826292447
283,-0.15264246090216843,-0.16752624044050274,-0.1675472769393304,-0.16551233155371317,-0.1776221868280683
284,-0.1526517756393184,-0.16752654232462458,-0.16754719107664867,-0.16551413120019856,-0.1743501949766031
285,-0.15266107347652258,-0.16752683987670375,-0.1675472324733683,-0.16554179661193064,-0.17698905585469296
286,-0.15267035450333238,-0.1675271331589052,-0.1675472603719981,-0.16554361011281943,-0.17412807216637538
287,-0.15267961880851147,-0.1675274222325016,-0.16754727505122097,-0.1655453975226778,-0.1776589209185705
288,-0.1526888664800452,-0.16752770715788673,-0.167547276783945,-0.16554715921688007,-0.17463600070798982
289,-0.15269809760515016,-0.1675279879945874,-0.1675471959112083,-0.1655740186846148,-0.17640243352714186
290,-0.1527073122702836,-0.16752826480127625,-0.16754723535719407,-0.1655757946643281,-0.17428150210708493
291,-0.15271651056115274,-0.1675285376357841,-0.1675472617818338,-0.16557754509393366,-0.1776220002067115
292,-0.15272569256272361,-0.16752880655511182,-0.16754727544945533,-0.1655792703410085,-0.174329338667969
293,-0.15273485835923026,-0.16752907161544225,-0.16754727661900196,-0.16558097076784162,-0.17697636486346116
294,-0.15274400803418334,-0.16752933287215216,-0.16754720044941404,-0.16560692717978273,-0.1741020119498083
295,-0.15275314167037904,-0.16752959037982346,-0.16754723805290866,-0.1656086423966233,-0.17703857949214985
296,-0.15276225934990717,-0.167529844192255,-0.1675472630870007,-0.1656103329385494,-0.1743537342672056
297,-0.15277136115416007,-0.16753009436247357,-0.16754727580263207,-0.1656119991605331,-0.1773621280090148
298,-0.15278044716384062,-0.16753034094274494,-0.167547276445718,-0.16561364141243778,-0.17432339591490512
299,-0.1527894932752008,-0.16753058398458487,-0.1675472047126402,-0.16563874028942727,-0.17763063900211035
300,-0.15279845375943504,-0.16753082353877005,-0.16754724057436,-0.16564039776215828,-0.17435726378614075
301,-0.15280732880270584,-0.16753105965534829,-0.16754726429551003,-0.1656420313916402,-0.17699665242222268
302,-0.15281611858918578,-0.16753129238364928,-0.1675472761145351,-0.1656436415208605,-0.17413477483413306
303,-0.15282482330106467,-0.16753152177229494,-0.16754727626518162,-0.16564522848788013,-0.1776669822761616
304,-0.15283344311855568,-0.16753174786920938,-0.16754720872043388,-0.16566951232421595,-0.17464275452549058
305,-0.15284197821990092,-0.16753197072162895,-0.16754724293420156,-0.16567111487718328,-0.1764095547108479
306,-0.152850428781376,-0.16753219037611228,-0.1675472654146699,-0.16567269437783624,-0.1742880186922928
307,-0.152858794977294,-0.16753240687854973,-0.16754727638860273,-0.16567425115777615,-0.17762937976258383
308,-0.15286707698000834,-0.16753262027417332,-0.16754727607836747,-0.1656757855438348,-0.17433564191144438
309,-0.15287527495991513,-0.16753283060756574,-0.16754721249069615,-0.1656992940544164,-0.17698315577477172
310,-0.15288338908545399,-0.1675330379226702,-0.1675472451440112,-0.16570084433292148,-0.17410807358131403
311,-0.15289141952310858,-0.16753324226279917,-0.1675472664511558,-0.16570237231190738,-0.1770457663089729
312,-0.15289936643740548,-0.16753344367064352,-0.16754727662796323,-0.16570387831213715,-0.17435973380155312
313,-0.15290722999091214,-0.16753364218828165,-0.16754727588614884,-0.16570536264975816,-0.17736885068039546
314,-0.1529150103442342,-0.167533837857188,-0.16754721603984316,-0.1657281329934771,-0.17432939294062968
315,-0.15292273185548894,-0.16753403071824205,-0.16754724721439676,-0.16572963347771255,-0.17763765871581177
316,-0.1529304405259053,-0.16753422081173644,-0.1675472674110731,-0.16573111237947127,-0.17436306566836685
317,-0.15293813641538018,-0.16753440817738577,-0.16754727683546616,-0.16573257000918834,-0.17700293228632064
318,-0.15294581958338782,-0.16753459285433456,-0.1675472756893087,-0.16573400667283594,-0.17414026850798697
319,-0.15295349008899717,-0.16753477488116578,-0.1675472193829489,-0.1657560736548191,-0.177673688841943
320,-0.1529611479908913,-0.1675349542959087,-0.1675472491550902,-0.16575752667252663,-0.17464830635034942
321,-0.15296879334738767,-0.16753513113604673,-0.16754726830001315,-0.1657589587912432,-0.17641544237005305
322,-0.15297642621645996,-0.1675353054385256,-0.16754727701371025,-0.16576037031156118,-0.17429337484612917
323,-0.15298404665576168,-0.16753547723976073,-0.16754727548854925,-0.1657617615297509,-0.17763551034811603
324,-0.1529916547226514,-0.167535646575645,-0.1675472225338727,-0.1657831577847648,-0.1743408217931652
325,-0.15299925047422003,-0.16753581348155622,-0.1675472509750308,-0.16578456552273046,-0.1769887773389149
326,-0.15300683396731982,-0.16753597799236455,-0.16754726912310283,-0.16578595301366728,-0.17411305209475766
327,-0.1530144052585964,-0.16753614014243984,-0.16754727716506823,-0.1657873205487819,-0.17705175384821065
328,-0.1530219644045223,-0.16753629996565864,-0.1675472752845008,-0.16578866841509202,-0.17436466882556642
329,-0.1530295114614339,-0.16753645749541124,-0.16754722550537274,-0.16580942457409995,-0.17737443646045062
330,-0.15303704648557123,-0.16753661276460907,-0.1675472526824397,-0.16581078908862762,-0.17433433826001996
331,-0.15304456953312046,-0.16753676580569107,-0.16754726988504823,-0.1658121339784508,-0.17764352122773608
332,-0.1530520806594609,-0.1675369166506308,-0.16754727729170868,-0.1658134595258146,-0.1743678483569777
333,-0.1530595799183557,-0.16753706533094284,-0.16754727507772893,-0.16581476600890732,-0.17700814737072698
334,-0.15306706736322448,-0.1675372118776897,-0.16754722830920749,-0.16583491085056867,-0.17414478803101247
335,-0.1530745430471475,-0.1675373563214881,-0.16754725428488676,-0.16583623407703,-0.1776792952241134
336,-0.1530820070228696,-0.16753749869251536,-0.1675472705901744,-0.16583753827321493,-0.17465288805665585
337,-0.15308945934280266,-0.16753763902051577,-0.16754727739561584,-0.16583882371281194,-0.17642032972968616
338,-0.15309690005902712,-0.16753777733480682,-0.16754727486874152,-0.1658584564354376,-0.1742977928527288
339,-0.15310432922329226,-0.16753791366428528,-0.1675472309562267,-0.1658597586541019,-0.17764062435870281
340,-0.15311174688701498,-0.16753804803743325,-0.16754725578934965,-0.16586104214521205,-0.17434509294934528
341,-0.153119153101277,-0.16753818048232413,-0.16754727124246066,-0.16586230717809358,-0.17699344790608745
342,-0.1531265479168202,-0.1675383110266284,-0.16754727747860673,-0.16586355401819794,-0.17411715386025572
343,-0.15313393138403983,-0.1675384396976195,-0.16754727465799452,-0.16588262113735155,-0.17705676051528377
344,-0.15314130355297514,-0.1675385665221795,-0.16754723345645264,-0.16588388480181535,-0.1743687409865643
345,-0.15314866447329778,-0.1675386915268048,-0.1675472572022676,-0.16588513029373655,-0.17737909433118593
346,-0.15315601419429664,-0.16753881473761142,-0.1675472718455718,-0.165886357874458,-0.17433842934865573
347,-0.15316335276485965,-0.16753893618034074,-0.16754727754234733,-0.16588756780155306,-0.17764843479679487
348,-0.1531706802334517,-0.16753905588036475,-0.16754727444589748,-0.1659060938634785,-0.1743718031478199
349,-0.15317799664813814,-0.16753917386269115,-0.16754723581915337,-0.1659073206357182,-0.17701249268779912
350,-0.1531853020566602,-0.16753929015196906,-0.16754725852958902,-0.1659085297664858,-0.17414851709433232
351,-0.15319259650643594,-0.1675394047724937,-0.1675472724028868,-0.16590972150947136,-0.1776839981907695
352,-0.15319988004456084,-0.1675395177482117,-0.16754727758836607,-0.16591089611472115,-0.17465668082945202
353,-0.15320715271780808,-0.16753962910272613,-0.16754727423281796,-0.16592890425292672,-0.17642439993850859
354,-0.1532144145726288,-0.1675397388593012,-0.16754723805290858,-0.16593009570225614,-0.17430144801171804
355,-0.15322166565515252,-0.16753984704086747,-0.16754725977681473,-0.1659312700185683,-0.1776449046651506
356,-0.1532289060111872,-0.16753995367002622,-0.16754727291752392,-0.16593242744823478,-0.1743486252875444
357,-0.15323613568621933,-0.1675400587690547,-0.1675472776180668,-0.16593356823408628,-0.17699734084606464
358,-0.1532433547254149,-0.16754016235991015,-0.1675472740190859,-0.16595108026957117,-0.1741205431197325
359,-0.15325056317361974,-0.16754026446423495,-0.1675472401656688,-0.1659522378789724,-0.17706096086208234
360,-0.15325776107536118,-0.16754036510336084,-0.16754726094903682,-0.16595337884244482,-0.1743721111139155
361,-0.15326494847484978,-0.16754046429831346,-0.16754727339236372,-0.16595450339934564,-0.177382991148667
362,-0.1532721254159824,-0.16754056206981663,-0.16754727763273974,-0.16595561178559903,-0.17434182408255583
363,-0.15327929194234582,-0.16754065843829702,-0.16754727380499745,-0.16597264831868916,-0.17765256667555446
364,-0.15328644809722256,-0.1675407534238879,-0.16754724216480874,-0.16597377349063377,-0.17437508324125975
365,-0.15329359392359737,-0.1675408470464339,-0.16754726205097348,-0.16597488248352876,-0.17701612496971397
366,-0.15330072946416382,-0.1675409393254946,-0.16754727383006984,-0.16597597553001528,-0.17415160297308827
367,-0.1533078547613257,-0.16754103028034914,-0.16754727763357197,-0.16597705285939043,-0.17768795635458937
368,-0.15331496985719884,-0.1675411199299998,-0.16754721701541295,-0.16599363335399778,-0.1746598300958554
369,-0.15332207479361296,-0.16754120829317637,-0.16754724405717575,-0.1659947274158,-0.17642780048061807
370,-0.15332916961211374,-0.16754129538833976,-0.1675472630870006,-0.16599580574630998,-0.17430448118880693
371,-0.15333625435396472,-0.167541381233686,-0.16754727423310714,-0.16599686857172755,-0.17764849891480083
372,-0.15334332906014952,-0.16754146584714985,-0.16754727762165622,-0.16599791611499462,-0.17435155539705027
373,-0.15335039377137433,-0.16754154924640904,-0.16754721984453805,-0.16601405897600674,-0.17700059605019003
374,-0.1533574485280699,-0.16754163144888734,-0.1675472458491334,-0.1660151231847562,-0.17412335196751189
375,-0.15336449337039462,-0.16754171247175856,-0.16754726406118037,-0.16601617209186353,-0.17706449630992352
376,-0.15337152833823695,-0.16754179233195013,-0.16754727460375912,-0.1660172059173418,-0.17437490867818442
377,-0.15337855347121798,-0.16754187104614646,-0.16754727759799934,-0.16601822487804233,-0.1773862618922055
378,-0.1533855688086947,-0.16754194863079266,-0.16754722253387266,-0.16603394752249478,-0.17434464973464067
379,-0.15339257438976245,-0.16754202510209776,-0.16754724754660116,-0.16603498306960487,-0.17765605263331014
380,-0.1533995702532578,-0.16754210047603824,-0.16754726497728722,-0.16603600372756,-0.17437781214833498
381,-0.15340655643776127,-0.16754217476836133,-0.1675472749441424,-0.16603700971043725,-0.1770191710774883
382,-0.15341353298159927,-0.16754224799458822,-0.16754727756352958,-0.16603800122923382,-0.17415416431275185
383,-0.15342047203131237,-0.1675423201700174,-0.16754722509140188,-0.1660533201518339,-0.17769129860055224
384,-0.15342734044158926,-0.16754239130972787,-0.16754724915509012,-0.16605432816724247,-0.17466245319317783
385,-0.1534341383401537,-0.1675424614285822,-0.16754726583883106,-0.1660553216897048,-0.17643065073594452
386,-0.15344086585370345,-0.16754253054122967,-0.1675472752562213,-0.16605630092759807,-0.1743070060316452
387,-0.15344752310791815,-0.16754259866210938,-0.16754727751910348,-0.16605726608630056,-0.1776515269652969
388,-0.15345411022746694,-0.16754266580545327,-0.16754722752457177,-0.16607219691981268,-0.17435399346422953
389,-0.15346062733601606,-0.16754273198528896,-0.1675472506797356,-0.16607317847585884,-0.1770033268313484
390,-0.1534670745562371,-0.16754279721544277,-0.1675472666490787,-0.1660741459197239,-0.17412568693104308
391,-0.1534734520098143,-0.1675428615095427,-0.1675472755418195,-0.16607509945430363,-0.17706748186462024
392,-0.15347975981745304,-0.16754292488102113,-0.1675472774655118,-0.16608969595945608,-0.17437723817525846
393,-0.15348599809888727,-0.1675429873431177,-0.16754722984033096,-0.1660906657964771,-0.1773890161409235
394,-0.1534921669728879,-0.16754304890888197,-0.16754725212532692,-0.1660916216901333,-0.1743470091674667
395,-0.15349826655727053,-0.1675431095911765,-0.16754726741107306,-0.166092563840889,-0.17765900325478712
396,-0.15350429696890386,-0.16754316940267894,-0.16754727580263207,-0.1660934924463282,-0.1743800896710164
397,-0.15351025832371729,-0.16754322835588525,-0.16754727740348507,-0.16610772610180013,-0.17702173396317217
398,-0.15351615073670982,-0.16754328646311198,-0.16754723204516997,-0.16610867089640727,-0.17415629687823037
399,-0.15352200220123302,-0.16754334373649896,-0.16754725349633426,-0.16610960210800005,-0.17769412997300563
400,-0.15352784600350847,-0.16754340018801173,-0.16754726812765103,-0.16611051993185283,-0.17466464499386083
401,-0.15353368217262442,-0.16754345582944438,-0.16754727604023523,-0.16611142456044004,-0.1764330475600593
402,-0.15353951073747965,-0.16754351067242135,-0.1675472773336985,-0.16612530900675662,-0.17430911440328112
403,-0.1535453317267828,-0.16754356472840065,-0.16754723414515568,-0.1661262297045745,-0.17765408636303665
404,-0.15355114516905202,-0.16754361800867568,-0.16754725479693303,-0.1661271371661056,-0.1743560285373599
405,-0.1535569510926146,-0.16754367052437774,-0.16754726880145895,-0.1661280315816367,-0.17700562517194765
406,-0.15356274952560606,-0.16754372228647857,-0.16754727625609597,-0.16612891313872366,-0.1741276340627051
407,-0.15356854049596885,-0.16754377330579223,-0.1675472772567768,-0.1661424613324578,-0.17707001127378896
408,-0.1535743240314514,-0.16754382359297793,-0.167547236145964,-0.16614335883303338,-0.17437918408801928
409,-0.15358010015960613,-0.1675438731585415,-0.16754725603102694,-0.1661442434310947,-0.17739134305411408
410,-0.1535858689077875,-0.16754392201283835,-0.16754726943496803,-0.16614511531212867,-0.1743489856646513
411,-0.15359163030314973,-0.1675439701660752,-0.16754727645158085,-0.16614597465895725,-0.17766150883019052
412,-0.15359738437264406,-0.1675440176283122,-0.16754727717329804,-0.1661591989151793,-0.1743819965940069
413,-0.15360313114301583,-0.1675440644094652,-0.1675472380529087,-0.16616007407472483,-0.1770238973504258
414,-0.1536088706408005,-0.1675441105193078,-0.1675472572022677,-0.16616093665320122,-0.1741580780905936
415,-0.15361460289232004,-0.1675441559674734,-0.167547270030487,-0.16616178683146898,-0.17769653629142923
416,-0.1536203279238247,-0.1675442007634569,-0.1675472766279633,-0.16616262478779167,-0.17466648234159207
417,-0.15362604576154337,-0.1675442449166173,-0.16754727708379746,-0.16617553681940686,-0.1764350696932237
418,-0.15363175643153798,-0.167544288436179,-0.16754723987096845,-0.16617639045335214,-0.17431088068484998
419,-0.15363745995970518,-0.1675443313312342,-0.16754725831407438,-0.16617723181592967,-0.17765625667508028
420,-0.15364315637177764,-0.1675443736107446,-0.16754727059017452,-0.16617806108354483,-0.1743577327027385
421,-0.1536488456933256,-0.16754441528354322,-0.16754727678643094,-0.1661788784300693,-0.17700756589117836
422,-0.15365452794975862,-0.16754445635833645,-0.16754727698877095,-0.16619148938430806,-0.17412926298823025
423,-0.15366020316632717,-0.16754449684370562,-0.16754724160481124,-0.16619232226966615,-0.17707216113336607
424,-0.1536658713681248,-0.16754453674810904,-0.16754725936965018,-0.16619314318217,-0.17438081483486392
425,-0.1536715325800903,-0.16754457607988352,-0.16754727111605058,-0.16619395229393183,-0.1773933153354083
426,-0.1536771868270101,-0.16754461484724634,-0.16754727692809235,-0.16619474977458892,-0.17435064677950782
427,-0.15368283413352116,-0.16754465305829677,-0.16754727688867807,-0.16620707026686918,-0.1776636432573064
428,-0.15368847452411383,-0.16754469072101794,-0.16754724325881692,-0.16620788314444881,-0.17438359842502466
429,-0.1536941080231353,-0.1675447278432784,-0.1675472603719981,-0.16620868433702135,-0.17702572947118123
430,-0.15369973465479364,-0.16754476443283373,-0.1675472716100061,-0.16620947401255748,-0.17415957064564974
431,-0.15370535444316163,-0.16754480049732826,-0.16754727705398234,-0.16621025233661393,-0.17769858783986742
432,-0.15371096741218204,-0.16754483604429668,-0.167547276783945,-0.16622229248201958,-0.17466802759114525
433,-0.15371657358566354,-0.1675448710811654,-0.16754724483709785,-0.16622308605847844,-0.17643678128337026
434,-0.15372217298727373,-0.16754490561525442,-0.16754726132393583,-0.16622386822760407,-0.17431236521071095
435,-0.15372776564054053,-0.16754493965377867,-0.16754727207381329,-0.16622463915337082,-0.17765810295433637
436,-0.15373335156885384,-0.16754497320384945,-0.16754727716506831,-0.1662253989973976,-0.17435916441938493
437,-0.15373893079546683,-0.16754500627247615,-0.16754727667496708,-0.16623716843994732,-0.17700920997775405
438,-0.15374450334349762,-0.16754503886656738,-0.16754724634351784,-0.16623794338971376,-0.17413063014012367
439,-0.15375006923593076,-0.16754507099293287,-0.16754726222810842,-0.16623870720010872,-0.1770739941776097
440,-0.1537556284956186,-0.1675451026582844,-0.16754727250913315,-0.16623946003125317,-0.17438218592455104
441,-0.153761181145283,-0.16754513386923758,-0.1675472772622545,-0.1662509906783223,-0.17739499240660153
442,-0.1537667272075163,-0.16754516463231298,-0.1675472765621113,-0.1662517584930468,-0.17435204741188726
443,-0.15377226670478322,-0.1675451949539377,-0.16754724778170949,-0.16625251527116353,-0.1776654671704579
444,-0.15377779965942165,-0.16754522484044657,-0.16754726308700074,-0.16625326117131872,-0.17438494838511878
445,-0.15378332609364406,-0.1675452542980835,-0.16754727291752405,-0.16625399634986973,-0.17702728605810097
446,-0.15378884602953835,-0.16754528333300275,-0.1675472773463868,-0.16626527209435768,-0.17416082540609126
447,-0.1537943594890688,-0.16754531195127043,-0.16754727644571818,-0.16626602210678607,-0.17770034232670961
448,-0.15379986649407684,-0.16754534015886546,-0.16754724915509034,-0.166266761338695,-0.1746693314393965
449,-0.15380536706628084,-0.16754536796168096,-0.16754726390294866,-0.16626748994504414,-0.17643823470749465
450,-0.15381086122727744,-0.16754539536552554,-0.1675472733004489,-0.16626820807856324,-0.17431361701564702
451,-0.15381634899854224,-0.16754542237612446,-0.16754727741825715,-0.16627923746705972,-0.17765967851821812
452,-0.15382183040143088,-0.1675454489991208,-0.16754727632610408,-0.16627997028363822,-0.17436037118580955
453,-0.1538273054571803,-0.16754547524007668,-0.16754725046687752,-0.16628069256705744,-0.17701060725976936
454,-0.15383277418690958,-0.16754550110447436,-0.1675472646781492,-0.16628140446871525,-0.17413178134311497
455,-0.15383823661162105,-0.1675455265977174,-0.16754727365928165,-0.16628210613783415,-0.17707556191940146
456,-0.15384369275220122,-0.167545551725132,-0.167547277478607,-0.1662928973327859,-0.17438334247967502
457,-0.15384914262942176,-0.1675455764919677,-0.16754727620356288,-0.16629361353335687,-0.17739642295273075
458,-0.15385458626394027,-0.16754560090339887,-0.16754725172010143,-0.16629431943977765,-0.17435323227067578
459,-0.15386002367630125,-0.1675456249645256,-0.16754726541467013,-0.16629501520000856,-0.17766703045341287
460,-0.15386545488693704,-0.16754564868037472,-0.16754727399531347,-0.16629570095988525,-0.1743860898017131
461,-0.15387087991616852,-0.16754567205590093,-0.1675472775281313,-0.1663062617610603,-0.1770286127438402
462,-0.15387629878420594,-0.1675456950959879,-0.16754727607836764,-0.16630696190027064,-0.17416188371490557
463,-0.15388171151114965,-0.16754571780544925,-0.16754725291761827,-0.16630765197635716,-0.1777018472624456
464,-0.15388711811699107,-0.1675457401890294,-0.16754726611445872,-0.16630833213395746,-0.1746704351914879
465,-0.15389251862161335,-0.16754576225140477,-0.16754727430975855,-0.1663090025156309,-0.17643947283349937
466,-0.15389791304479208,-0.16754578399718464,-0.1675472775674816,-0.1663193403801565,-0.1743146760336676
467,-0.1539033014061965,-0.1675458054309122,-0.1675472759507723,-0.16632002498879622,-0.1776610271793844
468,-0.15390868372539002,-0.16754582655706535,-0.16754725406212168,-0.16632069975769792,-0.17436139167427253
469,-0.153914060021831,-0.1675458473800578,-0.1675472667793498,-0.1663213648282857,-0.17701179854557333
470,-0.15391943031487396,-0.16754586790423998,-0.16754727460375932,-0.16632202033995167,-0.17413275388294103
471,-0.15392479462376965,-0.16754588813389976,-0.167547277597269,-0.16633214240104566,-0.17707690677150253
472,-0.15393015296766666,-0.16754590807326353,-0.16754727582101284,-0.1663328119872896,-0.1743843212565826
473,-0.15393550536561165,-0.16754592772649707,-0.1675472551561534,-0.16633347194986745,-0.1773976469650655
474,-0.15394085183655004,-0.16754594709770634,-0.16754726741107326,-0.1663341224270952,-0.17435423784614065
475,-0.1539461923993271,-0.16754596619093842,-0.16754727487839113,-0.16633476355530172,-0.17766837425986365
476,-0.15395152707268847,-0.16754598501018234,-0.16754727761806698,-0.1663446766397839,-0.17438705802510784
477,-0.15395685587528102,-0.16754600355936966,-0.16754727568930883,-0.16634533169036567,-0.17702974698652565
478,-0.15396217882565338,-0.16754602184237585,-0.1675472562021131,-0.16634597732634698,-0.17416277924711823
479,-0.15396749594225684,-0.16754603986302058,-0.16754726801126082,-0.16634661368303613,-0.1777031418720493
480,-0.15397280724344586,-0.1675460576250687,-0.1675472751346668,-0.1663472408938003,-0.17467137257622037
481,-0.15397811274747905,-0.1675460751322311,-0.167547277630414,-0.16635695153848853,-0.17644053083511965
482,-0.15398341247251973,-0.16754609238816545,-0.16754727555586446,-0.1663575925197976,-0.17431557485918456
483,-0.15398870643663656,-0.1675461093964768,-0.16754725720226787,-0.16635822428885794,-0.1776621850385053
484,-0.1539939946578044,-0.1675461261607186,-0.1675472685814527,-0.16635884697806988,-0.174362257440097
485,-0.15399927715390485,-0.16754614268439316,-0.16754727537354086,-0.16635946071792873,-0.17701281734205657
486,-0.15400455394272694,-0.1675461589709527,-0.16754727763481583,-0.16636897518499325,-0.17413357816285732
487,-0.15400982504196797,-0.16754617502379987,-0.1675472754208696,-0.16636960254410482,-0.17707806375270496
488,-0.15401509046923384,-0.16754619084628836,-0.1675472581587602,-0.16637022088688633,-0.17438515226339749
489,-0.15402035024204008,-0.16754620644172386,-0.1675472691231031,-0.16637083034291905,-0.1773986973827432
490,-0.1540256043778122,-0.16754622181336457,-0.1675472755959131,-0.16637143103992152,-0.17435509399094176
491,-0.15403085289388657,-0.16754623696442197,-0.16754727763174773,-0.16638075533127034,-0.1776695326398995
492,-0.15403609580751082,-0.16754625189806138,-0.16754724405717603,-0.16638136949691804,-0.1743878819645333
493,-0.15404133313584464,-0.16754626661740285,-0.1675472590736164,-0.16638197483598374,-0.1770307196165435
494,-0.15404656489596044,-0.16754628112552145,-0.16754726963758612,-0.16638257147531915,-0.17416353949306856
495,-0.15405179110484382,-0.16754629542544833,-0.16754727580263232,-0.1663917237710265,-0.17770425863493305
496,-0.1540570117793942,-0.16754630952017097,-0.16754727762165658,-0.16639233375976828,-0.17467217120151599
497,-0.15406222693642563,-0.16754632341263404,-0.16754724541022675,-0.16639293498208763,-0.17644143764965894
498,-0.15406743659266714,-0.1675463371057401,-0.16754725994875344,-0.16639352756396916,-0.17431634015877254
499,-0.1540726407647635,-0.1675463506023498,-0.1675472701262005,-0.1663941116295888,-0.17766318192667063
500,-0.15407783946927586,-0.1675463639052829,-0.16754727599449962,-0.16640308375175336,-0.17436299429171345
501,-0.15408303272268206,-0.16754637701731867,-0.16754727760496255,-0.16640368101728703,-0.17701369123514343
502,-0.1540882205413776,-0.16754638994119647,-0.16754724670932528,-0.16640426969937053,-0.17413427903103795
503,-0.1540934029416758,-0.1675464026796164,-0.16754726078598622,-0.1664048499213618,-0.17707906186176053
504,-0.15409857993980874,-0.16754641523523978,-0.1675472705901747,-0.16640542180484105,-0.1743858600571473
505,-0.15410375155192765,-0.16754642761068972,-0.16754727617227133,-0.1664142191442045,-0.17739960141337013
506,-0.15410891779410352,-0.16754643980855177,-0.16754727758206123,-0.16641480407911635,-0.174355825188554
507,-0.15411407868232757,-0.16754645183137423,-0.1675472479568587,-0.16641538060790784,-0.17767053385098702
508,-0.15411923423251192,-0.167546463681669,-0.16754726158703342,-0.16641594885138078,-0.17438858532033127
509,-0.15412438446049007,-0.16754647536191183,-0.16754727103067094,-0.16641650892860388,-0.17703155608046595
510,-0.15412952938201743,-0.1675464868745429,-0.16754727633666192,-0.16642513665854822,-0.17416418694747535
511,-0.1541346690127719,-0.16754649822196757,-0.1675472775533248,-0.16642570963983744,-0.17770522452663293
512,-0.15413980336835453,-0.1675465094065565,-0.16754724915509042,-0.1664262743869045,-0.1746728537223409
513,-0.1541449324642896,-0.16754652043064627,-0.16754726235352366,-0.1664268310180828,-0.176442217150083
514,-0.15415005631602577,-0.16754653129654026,-0.16754727144878936,-0.16642737965000529,-0.17431699380382143
515,-0.15415517493893602,-0.16754654200650845,-0.16754727648834647,-0.166435842737509,-0.17766404256734472
516,-0.15416028834831866,-0.1675465525627884,-0.16754727751910378,-0.16643640412732222,-0.17436362338971598
517,-0.1541653965593974,-0.1675465629675855,-0.1675472503061673,-0.16643695744960477,-0.17701444300011104
518,-0.15417049958732215,-0.16754657322307362,-0.16754726308700088,-0.166437502820292,-0.1741348768451361
519,-0.1541755974471695,-0.1675465833313953,-0.16754727184557208,-0.16643804035365123,-0.17707992518523447
520,-0.154180690153943,-0.16754659329466234,-0.16754727662796345,-0.16644634356957888,-0.174386464784548
521,-0.15418577772257389,-0.16754660311495637,-0.16754727747972836,-0.1664468937159291,-0.17740038159666077
522,-0.15419086016792147,-0.16754661279432895,-0.16754725141212676,-0.16644743595642955,-0.17435645157187518
523,-0.1541959375047738,-0.1675466223348024,-0.16754726378892934,-0.16644797040469023,-0.17767140141613844
524,-0.15420100974784753,-0.16754663173836984,-0.1675472722220063,-0.16644849717269106,-0.17438918757330713
525,-0.15420607691178928,-0.16754664100699596,-0.16754727675611647,-0.1664566451014814,-0.17703227744260522
526,-0.1542111390111754,-0.16754665014261708,-0.16754727743550965,-0.16645718433890627,-0.17416474006348762
527,-0.15421619606051293,-0.16754665914714187,-0.16754725247490326,-0.16645771582734933,-0.17770606202142664
528,-0.15422124807423968,-0.1675466680224516,-0.16754726446069843,-0.16645823967816628,-0.1746734387788133
529,-0.1542262950667249,-0.16754667677040047,-0.16754727257902785,-0.1664587560011116,-0.17644001768932202
530,-0.15423133705226966,-0.16754668539281609,-0.16754727687337692,-0.166466753049891,-0.17431633881171252
531,-0.15423637404510734,-0.16754669389149993,-0.1675472773867409,-0.16646728170008718,-0.17766329413928517
532,-0.15424140605940412,-0.16754670226822746,-0.16754725349633443,-0.1664678027535421,-0.17436333860372924
533,-0.15424643310925923,-0.1675467105247488,-0.16754726510362714,-0.16646831631941947,-0.17701423103726055
534,-0.1542514552087057,-0.16754671866278895,-0.16754727291752422,-0.16646882250531883,-0.17413486439898518
535,-0.15425647237171047,-0.16754672668404805,-0.16754727698028543,-0.1664766729124858,-0.17707997107251994
536,-0.15426148461217515,-0.16754673459020192,-0.16754727733369873,-0.16647719128490393,-0.1743865407526146
537,-0.15426649194393602,-0.16754674238290232,-0.1675472544781664,-0.16647770220836802,-0.17740040829205958
538,-0.15427149438076496,-0.1675467500637774,-0.16754726571896797,-0.16647820578991798,-0.17435661173291164
539,-0.15427649193636953,-0.16754675763443175,-0.16754727323833737,-0.16647870213505572,-0.1776716521222877
540,-0.15428148462439348,-0.16754676509644703,-0.16754727707735423,-0.16648640997837535,-0.17438942364430526
541,-0.1542864724584171,-0.16754677245138233,-0.16754727727664398,-0.16648691837078455,-0.17703260802198786
542,-0.15429145545195783,-0.1675467797007741,-0.1675472554220594,-0.16648741945774115,-0.17416503202601682
543,-0.1542964336184705,-0.16754678684613705,-0.16754726630791106,-0.16648791334422242,-0.1777064586889494
544,-0.15430140697134764,-0.1675467938889638,-0.1675472735422664,-0.1664884001336972,-0.17467374730631968
545,-0.15430637552392026,-0.16754680083072596,-0.1675472771650685,-0.1664959693379274,-0.17644041650277967
546,-0.15431133928945778,-0.16754680767287367,-0.16754727721582285,-0.16649646803694368,-0.17431668929812344
547,-0.15431629828116875,-0.16754681441683641,-0.16754725632959241,-0.16649695956988766,-0.17766375505085322
548,-0.15432125251220113,-0.16754682106402316,-0.1675472668715877,-0.16649744403973069,-0.17436369748643657
549,-0.1543262019956427,-0.1675468276158227,-0.16754727383007018,-0.16650488483090192,-0.17701468213792013
550,-0.15433114674452134,-0.1675468340736038,-0.16754727724388804,-0.16650538110445795,-0.17413523503676032
551,-0.15433608677180558,-0.16754684043871557,-0.16754727715146764,-0.166505870246879,-0.1770805289825026
552,-0.1543410220904049,-0.16754684671248793,-0.16754725720226796,-0.1665063523606348,-0.17438692736667044
553,-0.15434595271317017,-0.1675468528962315,-0.16754726741107337,-0.16650682754672383,-0.177400908536291
554,-0.1543508786528938,-0.16754685899123825,-0.1675472741024693,-0.1665141363608136,-0.17435702384027965
555,-0.15435579992231038,-0.16754686499878155,-0.16754727731424868,-0.16651462321515445,-0.17767223874004914
556,-0.1543607165340969,-0.1675468709201165,-0.16754727708379769,-0.16651510307379216,-0.17438982917155765
557,-0.15436562850087324,-0.16754687675648017,-0.16754725804151618,-0.16651557603724776,-0.17703310583090004
558,-0.15437053583520222,-0.1675468825090919,-0.16754726792739133,-0.1665160422046009,-0.17416541169076175
559,-0.1543754385495905,-0.16754688817915359,-0.1675472743601487,-0.16652322260395072,-0.17770704379173335
560,-0.15438033665648837,-0.16754689376784976,-0.16754727737656394,-0.16652370030569483,-0.17467415136498274
561,-0.15438523016829034,-0.16754689927634805,-0.1675472770130201,-0.16652417114333068,-0.17644089111344477
562,-0.1543901190973356,-0.1675469047057993,-0.16754725884869912,-0.16652463521548877,-0.17431708236144933
563,-0.1543950034559083,-0.1675469100573378,-0.16754726842151524,-0.16652509261938067,-0.17766428683363364
564,-0.15439988325623766,-0.16754691533208163,-0.16754727460375943,-0.16653214803611013,-0.1743640779157578
565,-0.1544047585104987,-0.1675469205311328,-0.16754727743122597,-0.16653261684214926,-0.17701514819618291
566,-0.1544096292308123,-0.16754692565557747,-0.1675472769393306,-0.16653307891198074,-0.17413559915232485
567,-0.15441449542924565,-0.16754693070648632,-0.16754725962511433,-0.1665335343423937,-0.17708107616198257
568,-0.15441935711781246,-0.1675469356849145,-0.16754726889437221,-0.16653398322879015,-0.17438729865208732
569,-0.1544242143084735,-0.16754694059190212,-0.16754727483392062,-0.16654091697077691,-0.17740139984206926
570,-0.1544290670131367,-0.16754694542847443,-0.16754727747860707,-0.16654137712870545,-0.17435741236474334
571,-0.15443391524365774,-0.16754695019564178,-0.16754727686291407,-0.16654183067476255,-0.1776727940588097
572,-0.15443875901184007,-0.16754695489440022,-0.16754726037199827,-0.1665422777039512,-0.17439020339632272
573,-0.15444359832943538,-0.16754695952573143,-0.16754726934684505,-0.16654271830991224,-0.17703356345917076
574,-0.154448433208144,-0.16754696409060285,-0.1675472750512212,-0.16654953356644792,-0.17416575425964367
575,-0.15445326365961506,-0.1675469685899684,-0.1675472775190607,-0.16654998531496307,-0.17770758289147548
576,-0.15445808969544686,-0.1675469730247679,-0.16754727678394515,-0.16655043057251132,-0.1746745170937963
577,-0.15446291132718726,-0.167546977395928,-0.16754726109053006,-0.1665508694323582,-0.1764413187553448
578,-0.15446772856633398,-0.16754698170436183,-0.16754726977977488,-0.16655130198642715,-0.17431743287840704
579,-0.15447254142433456,-0.16754698595096956,-0.16754727525622165,-0.16655800183356362,-0.17766476593999636
580,-0.1544773499125872,-0.16754699013663837,-0.1675472775529225,-0.1665584454028548,-0.17436441507372025
581,-0.1544821540424407,-0.16754699426224282,-0.1675472767025892,-0.1665588825987723,-0.17701556226652354
582,-0.15448695382519492,-0.16754699832864473,-0.16754726178183404,-0.16655931351288888,-0.1741359188805113
583,-0.15449174927210102,-0.1675470023366937,-0.1675472701939634,-0.16655973823546513,-0.17708156117619503
584,-0.15449654039436167,-0.16754700628722713,-0.16754727544945563,-0.16656632564107338,-0.17438762418555764
585,-0.15450132720313145,-0.16754701018107027,-0.16754727758051138,-0.16656676125318504,-0.17740183475411708
586,-0.15450610970951725,-0.16754701401903674,-0.1675472766190023,-0.16656719060631983,-0.17435775288496752
587,-0.15451088792457818,-0.1675470178019283,-0.167547262446983,-0.16656761379040935,-0.17767328476650124
588,-0.1545156618593263,-0.1675470215305353,-0.16754727059017477,-0.16656803089409183,-0.17439053040348715
589,-0.15452043152472655,-0.16754702520563672,-0.16754727563143118,-0.1665745087226522,-0.1770339651097939
590,-0.15452519693169725,-0.1675470288280004,-0.1675472776021302,-0.16657493659182965,-0.17416605226197893
591,-0.1545299580911103,-0.16754703239838303,-0.16754727653333212,-0.16657535831334744,-0.17770805785829394
592,-0.15453471501379143,-0.16754703591753065,-0.16754726308700102,-0.166575773975536,-0.17467483613510423
593,-0.1545394677105206,-0.16754703938617843,-0.16754727096913813,-0.1665761836654565,-0.17644169302407095
594,-0.15454421619203196,-0.16754704280505106,-0.16754727580263246,-0.16658255468259534,-0.17431773793930114
595,-0.15454896046901453,-0.16754704617486274,-0.1675472776180672,-0.1665829750156149,-0.17766518637450449
596,-0.1545537005521122,-0.16754704949631763,-0.1675472764457184,-0.16658338930931896,-0.174364708190133
597,-0.1545584364519241,-0.1675470527701096,-0.16754726370286552,-0.1665837976504772,-0.17701592415823245
598,-0.15456316817900473,-0.16754705599692254,-0.16754727133154876,-0.1665900676526773,-0.17413619632499988
599,-0.15456789574386443,-0.1675470591774307,-0.1675472759635206,-0.1665904865448021,-0.17708198637764913
600,-0.1545726191569695,-0.1675470623122985,-0.16754727762859611,-0.16659089941837363,-0.17438790693078848
601,-0.1545773384287424,-0.16754706540218087,-0.16754727635629332,-0.16659130635986488,-0.17740221543928025
602,-0.15458205356956237,-0.16754706844772335,-0.1675472642955104,-0.16659170745450805,-0.1743580491552847
603,-0.154586764589765,-0.1675470714495623,-0.16754727167807051,-0.16659787542511179,-0.17767371524726555
604,-0.1545914714996432,-0.16754707440832475,-0.1675472761145355,-0.16659828695071602,-0.17439081471583262
605,-0.15459617430944703,-0.16754707732462895,-0.16754727763397761,-0.1665986925636672,-0.1770343161275212
606,-0.154600873029384,-0.1675470801990841,-0.16754727626518204,-0.16659909234891535,-0.1741663108032293
607,-0.15460556766961953,-0.16754708303229077,-0.1675472648658278,-0.16659948639019082,-0.17770847452402067
608,-0.15461025824027685,-0.1675470858248409,-0.1675472720093371,-0.1666055548584774,-0.17467511365923233
609,-0.1546149447514376,-0.1675470885773179,-0.16754727625609628,-0.16660595921235385,-0.17644201990638372
610,-0.15461962721314185,-0.1675470912902967,-0.16754727763445945,-0.16660635775667434,-0.17431800312205606
611,-0.1546243056353883,-0.16754709396434428,-0.16754725562682166,-0.16660675057490837,-0.17766555462936556
612,-0.15462898002813463,-0.16754709660001926,-0.16754726541467033,-0.16660713774932595,-0.17436496288782768
613,-0.15463365040129784,-0.16754709919787225,-0.16754727232595376,-0.16661310915927036,-0.17701624030768903
614,-0.15463831676475429,-0.16754710175844598,-0.16754727638860314,-0.16661350652955972,-0.17413643719851313
615,-0.15464297912833985,-0.1675471042822754,-0.16754727763027763,-0.1666138981906848,-0.17708235915620385
616,-0.1546476375018505,-0.16754710676988785,-0.16754725642825102,-0.16661428422467212,-0.1743881526993512
617,-0.15465229189504218,-0.167547109221803,-0.16754726594285324,-0.16661466471236872,-0.17740254869397176
618,-0.15465694231763144,-0.1675471116385331,-0.16754727262849867,-0.16662054142628782,-0.17435830716770054
619,-0.1546615887792949,-0.16754711402058314,-0.16754727651243742,-0.16662093199475056,-0.17767409306436543
620,-0.15466623128967044,-0.16754711636845068,-0.16754727762165664,-0.1666213169518273,-0.17439106221995687
621,-0.15467086985835676,-0.16754711868262634,-0.167547257202268,-0.16662169637813865,-0.1770346232215396
622,-0.15467550449491382,-0.16754712096359348,-0.16754726645115614,-0.16662207035314594,-0.17416653548391264
623,-0.154680135208863,-0.16754712321182869,-0.1675472729175243,-0.16662785465513916,-0.17770884034326853
624,-0.15468476200968745,-0.16754712542780173,-0.16754727662796357,-0.1666282385974166,-0.1746753554341454
625,-0.154689384906832,-0.16754712761197546,-0.16754727760881033,-0.16662861702355933,-0.1764423057950906
626,-0.15469400390970392,-0.16754712976480626,-0.16754725794987424,-0.16662899001281906,-0.17431823404490807
627,-0.15469861902767243,-0.16754713188674394,-0.16754726694032493,-0.16662935764330847,-0.177665877573489
628,-0.1547032302700695,-0.1675471339782318,-0.16754727319355886,-0.16663505174253965,-0.17436518461540054
629,-0.15470783764618978,-0.16754713603970667,-0.1675472767355292,-0.16663542922839794,-0.17701651692873907
630,-0.1547124411652909,-0.1675471380715994,-0.16754727759194238,-0.16663580129093378,-0.17413664674834461
631,-0.15471704083659343,-0.16754714007433444,-0.16754725867202883,-0.1666361680080619,-0.17708268643021255
632,-0.15472163666928174,-0.16754714204833016,-0.16754726741107343,-0.1666365294565785,-0.1743883667563013
633,-0.15472622867250313,-0.1675471439939991,-0.1675472734571075,-0.16664213549038703,-0.17740284086541513
634,-0.15473081685536924,-0.16754714591174755,-0.16754727683546647,-0.16664250668395694,-0.1743585322951702
635,-0.1547354012269553,-0.16754714780197633,-0.16754727757124685,-0.16664287254465224,-0.17767442511459305
636,-0.15473998179630094,-0.16754714966508025,-0.16754725936965037,-0.1666432331490902,-0.174391278109636
637,-0.15474455857241,-0.16754715150144867,-0.16754726786408483,-0.16664358857278425,-0.17703489233408046
638,-0.1547491315642509,-0.16754715331146508,-0.16754727370865322,-0.16664910860963794,-0.17416673115594522
639,-0.15475370078075684,-0.16754715509550774,-0.16754727692809251,-0.16664947366963498,-0.17770916196725198
640,-0.15475826623082586,-0.1675471568539494,-0.16754727754690862,-0.16664983348492374,-0.1746755664812411
641,-0.15476282792332133,-0.16754715858715735,-0.16754726004361895,-0.16665018813085328,-0.1764425562609929
642,-0.15476738586707173,-0.16754716029549374,-0.1675472683000135,-0.166650537681691,-0.1743184355428293
643,-0.15477194007087122,-0.16754716197931552,-0.16754727394865823,-0.166655973724,-0.1776661612122786
644,-0.1547764905434796,-0.16754716363897437,-0.16754727701371055,-0.16665633280393913,-0.17436537803908425
645,-0.15478103729362253,-0.16754716527481708,-0.16754727751910387,-0.16665668672512876,-0.17701675937863512
646,-0.15478558032999173,-0.16754716688718546,-0.16754726069477802,-0.16665703556168263,-0.17413682943518252
647,-0.1547901196612453,-0.16754716847641632,-0.16754726871948616,-0.1666573793866509,-0.177082974174866
648,-0.1547946552960077,-0.16754717004284167,-0.16754727417756496,-0.16666273337344029,-0.17438855357630845
649,-0.15479918724287,-0.16754717158678878,-0.16754727709261025,-0.16666308662184046,-0.17740309742116983
650,-0.15480371551039007,-0.16754717310858025,-0.1675472774880007,-0.16666343479531517,-0.17435872910917785
651,-0.1548082401070928,-0.16754717460853397,-0.16754726132393608,-0.166663777966773,-0.17767471734605036
652,-0.15481276104147026,-0.16754717608696332,-0.16754726912310322,-0.16666905259838327,-0.1743914667926463
653,-0.1548172783219818,-0.1675471775441772,-0.1675472743957969,-0.1666694051153317,-0.17703512854561085
654,-0.15482179195705437,-0.16754717898048,-0.1675472771650686,-0.1666697525679067,-0.174166901918288
655,-0.1548263019550825,-0.16754718039617186,-0.16754727745375925,-0.1666700950288641,-0.17770944512003067
656,-0.15483080832442866,-0.16754718179154854,-0.16754726193186853,-0.16667043256991576,-0.17467575105878957
657,-0.15483531107342333,-0.16754718316690145,-0.16754726951144017,-0.1666756285708782,-0.17644277605481426
658,-0.15483981021036522,-0.16754718452251807,-0.16754727460375954,-0.16667597535391845,-0.1743186117074672
659,-0.15484430574352137,-0.16754718585868159,-0.16754727723135043,-0.16667631715500258,-0.17766641069081573
660,-0.15484879768112736,-0.16754718717567113,-0.1675472774165324,-0.1666766540457016,-0.1743655471036905
661,-0.15485328603138754,-0.16754718847376185,-0.16754726251931898,-0.16667698609655945,-0.17701697222255902
662,-0.15485777080247512,-0.1675471897532249,-0.16754726988504862,-0.1666821052523682,-0.17413698902305838
663,-0.15486225200253229,-0.16754719101432763,-0.16754727480184134,-0.16668244644321445,-0.17708322751060165
664,-0.15486672963967052,-0.16754719225733355,-0.16754727729170912,-0.16668278273248505,-0.17438871694074942
665,-0.1548712037219706,-0.16754719348250233,-0.16754727737646588,-0.16668311419059462,-0.17740332303442966
666,-0.15487567425748283,-0.1675471946900899,-0.167547263087001,-0.16668344088694728,-0.17435890148292965
667,-0.1548801412542274,-0.16754719588034855,-0.1675472702444577,-0.16668848492770455,-0.17767497486429476
668,-0.15488460472019397,-0.167547197053527,-0.1675472749904145,-0.16668882066353002,-0.17439163200057595
669,-0.1548890646633426,-0.1675471982098703,-0.16754727734638708,-0.1666891515761842,-0.17703533619100548
670,-0.15489352109160326,-0.16754719934962004,-0.16754727733369887,-0.16668947773495713,-0.17416705123162363
671,-0.15489797401287628,-0.16754720047301438,-0.16754726363559952,-0.16668979920814425,-0.17770969471664536
672,-0.1549024234350326,-0.16754720158028796,-0.16754727059017482,-0.16669476981075057,-0.17467591277511824
673,-0.1549068693659137,-0.16754720267167214,-0.16754727516983567,-0.16669510022435485,-0.17644296922706565
674,-0.1549113118133318,-0.16754720374739498,-0.16754727739561623,-0.16669542589128564,-0.1743187660031585
675,-0.15491575078507014,-0.1675472048076811,-0.167547277288364,-0.16669574687973174,-0.1776666304165562
676,-0.15492018628888302,-0.16754720585275218,-0.16754726416577187,-0.16669606325690534,-0.17436569514756375
677,-0.1549246183324959,-0.1675472068828264,-0.1675472709226869,-0.1667009620471421,-0.17701715935506548
678,-0.15492904692360576,-0.16754720789811908,-0.16754727534044686,-0.16670128726712147,-0.17413712869383094
679,-0.1549334720698811,-0.16754720889884228,-0.1675472774396187,-0.16670160781507526,-0.17708345083193416
680,-0.154937893778962,-0.16754720988520508,-0.16754727724058818,-0.1667019237581211,-0.17438886005157722
681,-0.15494231205846037,-0.16754721085741356,-0.1675472646781494,-0.16670223516240967,-0.1774035217056829
682,-0.15494672691596023,-0.16754721181567087,-0.16754727124246102,-0.16670706371692184,-0.1743590527052273
683,-0.1549511383590176,-0.1675472127601771,-0.16754727550257587,-0.16670738386782896,-0.17767520205977375
684,-0.1549555463951609,-0.1675472136911297,-0.16754727747860712,-0.16670769941956787,-0.1743917769002937
685,-0.1549599510318907,-0.16754721460872304,-0.16754727719049234,-0.16670801043820713,-0.17703551897774586
686,-0.15496435227668037,-0.167547215513149,-0.16754726517333843,-0.16670831698886796,-0.17416718202569811
687,-0.15496875013697578,-0.1675472164045964,-0.16754727154994592,-0.16671307683705783,-0.17770991498658598
688,-0.1549731446201958,-0.16754721728325145,-0.16754727565653713,-0.1667133920395524,-0.17467605469596895
689,-0.15497753573373207,-0.16754721814929785,-0.1675472775127851,-0.16671370271399957,-0.17644313924034835
690,-0.1549819234849495,-0.16754721900291647,-0.16754727713819206,-0.16671400892544916,-0.17431890137146885
691,-0.15498630788118611,-0.16754721984428564,-0.16754726565192163,-0.16671431073801146,-0.17766682417459176
692,-0.1549906817854799,-0.1675472206735811,-0.1675472718455722,-0.16671900336384002,-0.17436582500409356
693,-0.15499501448797923,-0.1675472214909762,-0.1675472758026324,-0.16671931373483356,-0.17701732410789656
694,-0.1549993060285256,-0.16754722229664165,-0.16754727754234766,-0.1667196196472226,-0.17413725114542047
695,-0.15500355644670363,-0.1675472230907458,-0.1675472770837977,-0.16671992116505424,-0.17708364792044984
696,-0.1550077657818425,-0.16754722387345455,-0.16754726611445883,-0.1667202183514591,-0.17438898562839997
697,-0.1550119340730178,-0.16754722464493138,-0.16754727212975346,-0.166724845195171,-0.17740369686901442
698,-0.15501606135905346,-0.1675472254053375,-0.16754727594115104,-0.16672515084796818,-0.1743591855771433
699,-0.15502014767852348,-0.1675472261548318,-0.16754727756748175,-0.16672545210997144,-0.17767540271798157
700,-0.1550241930697539,-0.16754722689357088,-0.16754727702741468,-0.16672574904425605,-0.17439190418770298
701,-0.1550281975708247,-0.16754722762170896,-0.16754726656148822,-0.16672604171298985,-0.1770356800859176
702,-0.15503216121957192,-0.1675472283393983,-0.16754727240288717,-0.16673060417275037,-0.17416729678860873
703,-0.15503608405359007,-0.1675472290467888,-0.16754727607237097,-0.16673090521718179,-0.17771010957910147
704,-0.15503996611023368,-0.16754722974402822,-0.1675472775883664,-0.1667312019370515,-0.17467617943415012
705,-0.15504380742662027,-0.16754723043126218,-0.1675472769691438,-0.16673149439448295,-0.1764432890634109
706,-0.15504760803963236,-0.16754723110863434,-0.16754726699352715,-0.1667359932243914,-0.17431902031790178
707,-0.15505136798592015,-0.16754723177628625,-0.16754727266535507,-0.16673629399186854,-0.17766699522458398
708,-0.15505509444358312,-0.16754723243435737,-0.16754727619655882,-0.166736590438795,-0.17436593908566736
709,-0.15505881815604433,-0.16754723308298505,-0.16754727760517332,-0.16673688262723352,-0.17701746933971882
710,-0.1550625391292757,-0.16754723372230496,-0.16754727690908117,-0.16673717061835933,-0.17413735867268834
711,-0.15506625736922278,-0.16754723435245064,-0.16754726741107334,-0.16674160759301118,-0.17708382203917475
712,-0.15506997288180374,-0.16754723497355375,-0.16754727291752422,-0.1667419038053325,-0.17438909598842742
713,-0.1550736856729081,-0.16754723558574394,-0.16754727631397084,-0.166742195762567,-0.17740385148064905
714,-0.15507739574839519,-0.1675472361891492,-0.1675472776180671,-0.16674248352583995,-0.1743593024917375
715,-0.15508110311409282,-0.16754723678389563,-0.16754727684731907,-0.16674276715539765,-0.1776755801114479
716,-0.15508480777579525,-0.1675472373701074,-0.16754726781460552,-0.16674714356934286,-0.17439201616492736
717,-0.15508850973926164,-0.16754723794790702,-0.16754727315974752,-0.1667474353325474,-0.17703582225108097
718,-0.1550922090102137,-0.16754723851741524,-0.16754727642485295,-0.16674772290460815,-0.1741673976400793
719,-0.15509590559433342,-0.167547239078751,-0.16754727762720556,-0.1667480063457289,-0.17771028165104424
720,-0.15509959949726052,-0.16754723963203155,-0.16754727678394518,-0.16674828571525094,-0.17467628922333014
721,-0.15510329072458964,-0.1675472401773725,-0.16754726820458424,-0.16675260282588922,-0.1764434212489623
722,-0.15510697928186726,-0.16754724071488786,-0.16754727339236408,-0.16675289024279746,-0.17431912498317184
723,-0.15511066517458819,-0.1675472412446898,-0.1675472765294415,-0.16675317353102223,-0.17766714638131717
724,-0.15511434840819208,-0.1675472417668891,-0.16754727763274013,-0.1667534527498745,-0.17436603945263052
725,-0.1551180289881021,-0.16754724228159487,-0.16754727671904374,-0.1667537279578083,-0.17701759751034205
726,-0.15512170691987126,-0.16754724278891456,-0.1675472685814528,-0.1667579869867596,-0.17413745323378765
727,-0.15512538220902675,-0.16754724328895423,-0.16754727361570035,-0.1667582701570806,-0.17708397601106868
728,-0.15512905486107056,-0.1675472437818183,-0.16754727662796354,-0.1667585492597508,-0.1743891931121369
729,-0.15513272488147975,-0.16754724426760975,-0.16754727763481594,-0.16675882435319794,-0.17740398809240573
730,-0.15513639227570597,-0.1675472447464301,-0.16754727665269514,-0.16675909549501453,-0.17435940549967782
731,-0.1551400570491765,-0.16754724521837938,-0.1675472689456379,-0.16676329762942382,-0.17767573707639933
732,-0.15514371920729425,-0.16754724568355614,-0.16754727383007023,-0.1667635766498756,-0.17439211480380687
733,-0.15514737875543844,-0.16754724614205765,-0.1675472767206373,-0.1667638516623129,-0.1770359478329251
734,-0.15515103569896538,-0.16754724659397963,-0.16754727763357236,-0.1667641227243113,-0.1741674863916111
735,-0.15515469004320928,-0.1675472470394165,-0.1675472625769652,-0.166764389892614,-0.1777104339401148
736,-0.15515834179348342,-0.16754724747846136,-0.16754726929755048,-0.16676853628640126,-0.17467638597879662
737,-0.15516199095508135,-0.16754724791120595,-0.1675472740357757,-0.16676881125081053,-0.17644353799809498
738,-0.1551656375332786,-0.16754724833774065,-0.16754727680767265,-0.16676908226549703,-0.17431921720184979
739,-0.15516928153333465,-0.16754724875815455,-0.16754727762914315,-0.16676934938719462,-0.17766728008170418
740,-0.15517292296049479,-0.16754724917253552,-0.16754726308700102,-0.1667696126718267,-0.17436612787000616
741,-0.15517656181999312,-0.16754724958097006,-0.16754726963758623,-0.16677370444687117,-0.1770177107422059
742,-0.15518019811705244,-0.16754724998354356,-0.1675472742331076,-0.1667739754462828,-0.1741375365046882
743,-0.15518383185687584,-0.16754725038034018,-0.1675472768892712,-0.16677424255295198,-0.17708411228445353
744,-0.1551874630446467,-0.16754725077144275,-0.1675472776216567,-0.16677450582279657,-0.17438927869731133
745,-0.15519109168552944,-0.16754725115693297,-0.16754726358157948,-0.16677476531092889,-0.17740410891276154
746,-0.15519471778466942,-0.16754725153689137,-0.16754726996612623,-0.16677880355822183,-0.17435949636337014
747,-0.15519834134719382,-0.16754725191139744,-0.1675472744223457,-0.16677907068099473,-0.17767587607680052
748,-0.15520196237821146,-0.16754725228052927,-0.167547276965627,-0.1667793339667358,-0.1743922017982542
749,-0.15520558088281391,-0.1675472526443641,-0.1675472776112361,-0.16677959347056134,-0.17703605887229165
750,-0.155209196866075,-0.16754725300297785,-0.1675472640611808,-0.16677984924679598,-0.17416756459597496
751,-0.15521281033305195,-0.16754725335644552,-0.16754727028353783,-0.16678383502752378,-0.17771056882609967
752,-0.15521642128878524,-0.16754725370484091,-0.16754727460375957,-0.16678409835942562,-0.17467647134760428
753,-0.15522002973829896,-0.1675472540482368,-0.16754727703692665,-0.16678435790877252,-0.1764436412137689
754,-0.15522363568660108,-0.16754725438670498,-0.1675472775979998,-0.16678461372989944,-0.17431929855074088
755,-0.15522723913868355,-0.16754725472031615,-0.16754726452626806,-0.1667885466556465,-0.17766739844068258
756,-0.15523084009952226,-0.16754725504913995,-0.16754727059017488,-0.16678880997616835,-0.17436620585426682
757,-0.15523443857407693,-0.16754725537324514,-0.1675472747776086,-0.16678906951432423,-0.1770178108714643
758,-0.15523803456729074,-0.16754725569269943,-0.16754727710334957,-0.16678932532444338,-0.17413760992410052
759,-0.1552416280840901,-0.16754725600756953,-0.16754727758206137,-0.16678957746007728,-0.1773665515501291
760,-0.15524521912938494,-0.16754725631792122,-0.16754726497728772,-0.16679345988323124,-0.1742591757183475
761,-0.15524880770806854,-0.1675472566238194,-0.16754727088637855,-0.1667937194408436,-0.17755195771604146
762,-0.15525239382501804,-0.1675472569253279,-0.16754727494414293,-0.16679397527016426,-0.174366540014091
763,-0.15525597748509432,-0.16754725722250977,-0.1675472771650687,-0.16679422742474484,-0.17759484494577485
764,-0.15525955869314237,-0.16754725751542707,-0.16754727756353008,-0.16679447595737182,-0.1743502916005099
765,-0.15526313745399142,-0.16754725780414098,-0.16754726541467044,-0.16679830886435856,-0.17699176710894993
766,-0.1552667137724546,-0.16754725808871188,-0.16754727117247778,-0.16679856474267765,-0.17414298980832488
767,-0.15527028765332976,-0.16754725836919918,-0.16754727510360334,-0.16679881694557683,-0.17767900437970105
768,-0.15527385910139907,-0.16754725864566145,-0.1675472772222501,-0.16679906552584917,-0.17465767577582272
769,-0.155277428121429,-0.16754725891815647,-0.16754727754251073,-0.16679931053553101,-0.17642620329438052
770,-0.15528099471817072,-0.16754725918674124,-0.16754726583883164,-0.16680309488627246,-0.17430692617667734
771,-0.15528455889635998,-0.16754725945147178,-0.16754727144878967,-0.16680334716647024,-0.1776497912559679
772,-0.15528812066071707,-0.16754725971240342,-0.16754727525622184,-0.16680359582295368,-0.1743565315059433
773,-0.15529168001594684,-0.1675472599695907,-0.16754727727505395,-0.1668038409077726,-0.17700773815449514
774,-0.155295236966739,-0.1675472602230873,-0.16754727751910403,-0.16680408247223136,-0.17413151006598673
775,-0.15529879151776788,-0.1675472604729463,-0.16754726625017222,-0.1668078192010642,-0.1770760872137276
776,-0.1553023436736927,-0.1675472607192198,-0.16754727171562003,-0.16680806796195347,-0.17438423640698023
777,-0.15530589343915763,-0.1675472609619592,-0.16754727540222217,-0.16680831314970201,-0.17739669279506584
778,-0.15530944081879186,-0.16754726120121538,-0.16754727732363422,-0.16680855481563195,-0.17435523504409034
779,-0.15531298581720968,-0.16754726143703813,-0.16754727749340684,-0.16680879301033008,-0.177670248220164
780,-0.15531652843901053,-0.16754726166947687,-0.16754726664907924,-0.16681248302688648,-0.17438908950710333
781,-0.1553200686887791,-0.1675472618985801,-0.1675472719732641,-0.16681272834500604,-0.17703286536896434
782,-0.15532360657108532,-0.16754726212439566,-0.16754727554182008,-0.1668129701394556,-0.17416561468427075
783,-0.15532714209048468,-0.16754726234697087,-0.1675472773681394,-0.16681320846084913,-0.1777069819017946
784,-0.15533067525151786,-0.16754726256635205,-0.16754727746551232,-0.16681344335907092,-0.1746743908138943
785,-0.15533420605871118,-0.16754726278258514,-0.16754726703592612,-0.16681708754912228,-0.1764417466940634
786,-0.1553377345165764,-0.16754726299571523,-0.16754727222200652,-0.1668173294988098,-0.17431796598324042
787,-0.15534126062961104,-0.16754726320578692,-0.16754727567522332,-0.1668175679732321,-0.17766550660521596
788,-0.15534478440229815,-0.1675472634128441,-0.16754727740871236,-0.1668178030223049,-0.17436518496214157
789,-0.15534830583910655,-0.16754726361692998,-0.1675472774355098,-0.1668180346952287,-0.17701677626352785
790,-0.155351824944491,-0.1675472638180872,-0.1675472674110735,-0.16682163392149613,-0.17413700183515066
791,-0.1553553417228918,-0.16754726401635786,-0.16754727246212206,-0.16682187257496672,-0.17708345525943822
792,-0.15535885617873552,-0.16754726421178334,-0.1675472758026325,-0.16682210780053844,-0.17438886453062255
793,-0.15536236831643452,-0.1675472644044044,-0.1675472774454907,-0.16682233964744556,-0.17740349074179315
794,-0.1553658781403873,-0.16754726459426136,-0.16754727740348543,-0.16682256816421762,-0.17435918512744225
795,-0.15536938565497846,-0.16754726478139392,-0.16754726777486978,-0.16682612326714297,-0.17767550637640134
796,-0.15537289086457878,-0.16754726496584113,-0.16754727269387598,-0.16682635869456383,-0.17439201733315704
797,-0.15537639377354526,-0.16754726514764143,-0.16754727592424107,-0.16682659074044143,-0.1770359158209023
798,-0.1553798943862213,-0.16754726532683295,-0.16754727747860723,-0.1668268194533445,-0.1741674980571836
799,-0.15538339270693652,-0.16754726550345309,-0.16754727736952194,-0.16682704488114866,-0.17771043015744722
800,-0.15538688874000706,-0.16754726567753866,-0.16754726812765136,-0.16683055667964222,-0.17467640472542445
